,FirstName,LastName,State,Party,Cluster,VotesWParty,VotesWCluster
N00000078,Carolyn,Maloney,NY,D,1.0,0.921475123192,0.920669970213
N00000153,Richard,Neal,MA,D,4.0,0.930531538208,0.237724848119
N00000179,Jim,McGovern,MA,D,1.0,0.934553872054,0.938389785537
N00000267,Michael,Capuano,MA,D,1.0,0.919589920949,0.922005379886
N00000270,Edward,Markey,MA,D,2.0,0.910509075773,0.837296632101
N00000362,Jack,Reed,RI,D,1.0,0.965018006768,0.98194798849
N00000491,Susan,Collins,ME,R,0.0,0.752167146244,0.862189405867
N00000515,Peter,Welch,VT,D,1.0,0.926408101465,0.928635729551
N00000528,Bernard,Sanders,VT,I,2.0,0.535208208915,0.481287438696
N00000575,John,Larson,CT,D,1.0,0.923000384278,0.923805537257
N00000615,Rosa,DeLauro,CT,D,1.0,0.933414763578,0.934835218123
N00000684,Rodney,Frelinghuysen,NJ,R,4.0,0.926175248865,0.926980401845
N00000699,Robert,Menendez,NJ,D,2.0,0.910744340084,0.861601245091
N00000743,Scott,Garrett,NJ,R,4.0,0.902024090543,0.902829243522
N00000751,Bill,Pascrell Jr.,NJ,D,1.0,0.931807888669,0.931192587103
N00000781,Frank,Pallone,NJ,D,2.0,0.940995095886,0.574610461499
N00000851,Frank,LoBiondo,NJ,R,0.0,0.845814348192,0.848845108696
N00000898,Leonard,Lance,NJ,R,4.0,0.914526835383,0.915331988362
N00000939,Jerrold,Nadler,NY,D,1.0,0.892569094566,0.892569094566
N00000964,Charles,Rangel,NY,D,1.0,0.930331805962,0.932747264899
N00001003,Eliot,Engel,NY,D,1.0,0.900458211524,0.89822244338
N00001024,Nita,Lowey,NY,D,1.0,0.962171632353,0.959756173415
N00001093,Charles,Schumer,NY,D,0.0,0.96389597698,0.544682121722
N00001102,Nydia,Velazquez,NY,D,1.0,0.94794841492,0.951794489022
N00001127,Joseph,Crowley,NY,D,4.0,0.944102340818,0.24505677538
N00001171,Gregory,Meeks,NY,D,4.0,0.841170616409,0.221541470562
N00001193,Peter,King,NY,R,1.0,0.902073268921,0.320023148148
N00001285,Chris,Collins,NY,R,4.0,0.931241765481,0.929016157956
N00001311,Louise,Slaughter,NY,D,1.0,0.935742158908,0.939578072391
N00001373,Mike,Doyle,PA,D,1.0,0.921769781145,0.921154479578
N00001489,Patrick,Toomey,PA,R,0.0,0.831161662776,0.750104059214
N00001619,Robert,Brady,PA,D,0.0,0.91381660811,0.235404314888
N00001633,Joe,Pitts,PA,R,4.0,0.941184947299,0.941800248865
N00001692,Eleanor,Norton,DC,D,1.0,,
N00001746,Chaka,Fattah,PA,D,1.0,0.640579178886,0.641999633431
N00001758,Charles,Grassley,IA,R,0.0,0.922896646579,0.853104584035
N00001811,Lamar,Smith,TX,R,4.0,0.956103151076,0.955297998097
N00001813,Jos’©,Serrano,NY,D,1.0,0.966897233202,0.967512534768
N00001821,Steny,Hoyer,MD,D,4.0,0.926456594935,0.249327514273
N00001945,Barbara,Mikulski,MD,D,0.0,0.904609370758,0.533887109326
N00001955,Benjamin,Cardin,MD,D,0.0,0.969795681995,0.561376839134
N00001971,Elijah,Cummings,MD,D,1.0,0.949046625677,0.950656931635
N00002097,Mark,Warner,VA,D,0.0,0.836292234468,0.576777602838
N00002147,Robert,Scott,VA,D,1.0,0.97111284951,0.970307696531
N00002221,Richard,Burr,NC,R,0.0,0.917114573719,0.878766491123
N00002260,David,Price,NC,D,1.0,0.945316025408,0.94290056647
N00002299,Walter,Jones,NC,R,2.0,0.678320798565,0.572996724491
N00002408,James,Clyburn,SC,D,1.0,0.902829243522,0.903634396501
N00002424,Mark,Sanford,SC,R,3.0,0.832031821842,0.808165440638
N00002593,Johnny,Isakson,GA,R,0.0,0.919711529761,0.872513889643
N00002674,Sanford,Bishop Jr.,GA,D,1.0,0.86697706229,0.86617190931
N00002713,Corrine,Brown,FL,D,1.0,0.818425422705,0.818425422705
N00002793,John,Mica,FL,R,4.0,0.955818373957,0.953592766432
N00002858,Ileana,Ros-Lehtinen,FL,R,0.0,0.828856957254,0.831887717757
N00002884,Alcee,Hastings,FL,D,1.0,0.799340780998,0.799340780998
N00002893,Lois,Frankel,FL,D,1.0,0.958894881789,0.956479422852
N00003028,Robert,Aderholt,AL,R,4.0,0.936118430684,0.933892823159
N00003062,Jeff,Sessions,AL,R,4.0,0.844200734749,0.0
N00003105,Marsha,Blackburn,TN,R,4.0,0.938249112502,0.939054265481
N00003132,Jim,Cooper,TN,D,4.0,0.854948945982,0.3673373225
N00003209,John,Duncan Jr.,TN,R,4.0,0.871621559801,0.87242671278
N00003225,Steve,Cohen,TN,D,1.0,0.921056122822,0.921861275801
N00003280,Roger,Wicker,MS,R,0.0,0.912101634182,0.843549233581
N00003288,Bennie,Thompson,MS,D,1.0,0.918693273313,0.919498426292
N00003328,Thad,Cochran,MS,R,2.0,0.882132580488,0.54763197423
N00003389,Mitch,McConnell,KY,R,2.0,0.876468139783,0.570226396656
N00003467,Edward,Whitfield,KY,R,4.0,0.840559188584,0.840186952068
N00003473,Harold,Rogers,KY,R,4.0,0.93881866674,0.938203365173
N00003522,Marcy,Kaptur,OH,D,1.0,0.925890471746,0.924375091495
N00003535,Sherrod,Brown,OH,D,2.0,0.913458928281,0.858769024739
N00003675,John,Boehner,OH,R,0.0,0.0241379310345,0.0241379310345
N00003682,Rob,Portman,OH,R,0.0,0.831044030621,0.864551097598
N00003689,Steven,Chabot,OH,R,4.0,0.97551831723,0.976323470209
N00003813,Peter,Visclosky,IN,D,1.0,0.939388220978,0.940003522544
N00003845,Daniel,Coats,IN,R,0.0,0.883725138896,0.823787031507
N00003950,Sander,Levin,MI,D,1.0,0.960128915971,0.96093406895
N00004029,John,Conyers Jr.,MI,D,1.0,0.912111376446,0.91433698397
N00004118,Debbie,Stabenow,MI,D,2.0,0.922896646579,0.915992543931
N00004133,Fred,Upton,MI,R,2.0,0.926885476138,0.698108805446
N00004291,F.,Sensenbrenner,WI,R,4.0,0.916752442907,0.915947289928
N00004357,Paul,Ryan,WI,R,4.0,0.398912128532,0.398912128532
N00004367,Tammy,Baldwin,WI,D,2.0,0.937763541271,0.910210471072
N00004403,Ron,Kind,WI,D,4.0,0.8682568438,0.274614350022
N00004436,John,Kline,MN,R,4.0,0.954633518153,0.953828365173
N00004558,Collin,Peterson,MN,D,2.0,0.639149648661,0.773642219294
N00004572,John,Thune,SD,R,0.0,0.929266880214,0.858533760429
N00004614,Kevin,Cramer,ND,R,0.0,0.932852071439,0.937303286488
N00004719,Peter,Roskam,IL,R,4.0,0.894401441956,0.893596288977
N00004724,Jan,Schakowsky,IL,D,1.0,0.922146052921,0.920725598375
N00004874,Luis,Gutierrez,IL,D,1.0,0.809631642512,0.81124194847
N00004884,Danny,Davis,IL,D,1.0,0.929582281145,0.929582281145
N00004887,Bobby,Rush,IL,D,1.0,0.716708525472,0.717513678451
N00004961,John,Shimkus,IL,R,4.0,0.942749505929,0.94194435295
N00004981,Richard,Durbin,IL,D,2.0,0.934696056608,0.877707801726
N00005195,Roy,Blunt,MO,R,0.0,0.875110845685,0.820303309988
N00005282,Jerry,Moran,KS,R,0.0,0.862189405867,0.785438948911
N00005285,Pat,Roberts,KS,R,2.0,0.919946794071,0.475071031724
N00005293,Brad,Ashford,NE,D,2.0,0.777052682623,0.718522407041
N00005559,Frank,Lucas,OK,R,4.0,0.962544374909,0.961929073342
N00005582,James,Inhofe,OK,R,4.0,0.904491738603,0.0
N00005656,Joe,Barton,TX,R,4.0,0.936972762041,0.934747154516
N00005681,Pete,Sessions,TX,R,0.0,0.96069503916,0.951602757649
N00005736,Brian,Babin,TX,R,2.0,0.9341284219,0.611921982506
N00005818,Sheila,Jackson-Lee,TX,D,1.0,0.837618714317,0.837713640023
N00005870,Gene,Green,TX,D,1.0,0.844485388303,0.845290541282
N00005883,Kevin,Brady,TX,R,4.0,0.932662220026,0.934887827551
N00006008,Rub’©n,Hinojosa,TX,D,1.0,0.736661222735,0.735856069756
N00006023,Lloyd,Doggett,TX,D,1.0,0.953497840726,0.954492845118
N00006052,William,Thornberry,TX,R,4.0,0.960505187747,0.959700034768
N00006134,Diana,DeGette,CO,D,1.0,0.963346096838,0.962540943859
N00006236,John,Barrasso,WY,R,0.0,0.935048953074,0.834346779594
N00006249,Michael,Enzi,WY,R,4.0,0.897705268111,0.0
N00006263,Mike,Simpson,ID,R,2.0,0.907941507466,0.676418853389
N00006267,Michael,Crapo,ID,R,0.0,0.879770888756,0.770454422064
N00006423,Trent,Franks,AZ,R,4.0,0.925180244474,0.926600699019
N00006424,John,McCain,AZ,R,0.0,0.879770888756,0.852398791103
N00006446,Matt,Salmon,AZ,R,0.0,0.914333552921,0.916559160445
N00006460,David,Schweikert,AZ,R,4.0,0.928685633509,0.929490786488
N00006561,Tom,Udall,NM,D,1.0,0.948793817978,0.968438387897
N00006671,Lucille,Roybal-Allard,CA,D,1.0,0.955108146684,0.955913299663
N00006690,Maxine,Waters,CA,D,1.0,0.887439613527,0.888244766506
N00006692,Barbara,Boxer,CA,D,0.0,0.792641656261,0.416788823136
N00006700,Dwight,Evans,PA,D,,0.957446808511,
N00006701,Mark,Takano,CA,D,1.0,0.968982167691,0.968366866125
N00006789,Grace,Napolitano,CA,D,1.0,0.93152311155,0.928492351047
N00006806,Janice,Hahn,CA,D,1.0,0.940295852937,0.940881582941
N00006863,Tom,McClintock,CA,R,0.0,0.920729029425,0.927690629117
N00006897,Brad,Sherman,CA,D,1.0,0.948382145733,0.947576992754
N00007017,Darrell,Issa,CA,R,4.0,0.915609903382,0.914804750403
N00007021,Juan,Vargas,CA,D,1.0,0.943220703411,0.940995095886
N00007099,Ken,Calvert,CA,R,4.0,0.931051914068,0.930436612502
N00007151,Dana,Rohrabacher,CA,R,0.0,0.852441992388,0.859734116528
N00007232,Lois,Capps,CA,D,1.0,0.930675642292,0.932901249817
N00007248,Devin,Nunes,CA,R,4.0,0.958138907188,0.955913299663
N00007312,Sam,Farr,CA,D,1.0,0.903103727492,0.903908880471
N00007335,Anna,Eshoo,CA,D,0.0,0.955013220978,0.249563113014
N00007360,Nancy,Pelosi,CA,D,1.0,0.8916943438,0.890889190821
N00007364,Dianne,Feinstein,CA,D,2.0,0.907025354254,0.94165445102
N00007419,Mike,Thompson,CA,D,1.0,0.933516551383,0.934321704362
N00007479,Zoe,Lofgren,CA,D,1.0,0.900512141341,0.904348054824
N00007635,Amata,Radewagen,AS,R,2.0,,
N00007690,Greg,Walden,OR,R,4.0,0.938062692139,0.938867845118
N00007724,Ron,Wyden,OR,D,0.0,0.9233671752,0.524684655338
N00007727,Earl,Blumenauer,OR,D,1.0,0.909643308081,0.913479221563
N00007781,Peter,DeFazio,OR,D,2.0,0.846717857927,0.55245274301
N00007833,Adam,Smith,WA,D,1.0,0.772408185112,0.771603032133
N00007836,Maria,Cantwell,WA,D,2.0,0.949146714443,0.929031615904
N00007876,Patty,Murray,WA,D,0.0,0.935519481695,0.566688383372
N00007999,Don,Young,AK,R,0.0,0.86384863124,0.863526570048
N00008028,Sam,Johnson,TX,R,4.0,0.871568950373,0.872374103352
N00008046,Barbara,Lee,CA,D,1.0,0.857937390206,0.861773303689
N00008122,Eddie,Johnson,TX,D,1.0,0.875925239716,0.876730392695
N00008264,Ed,Royce,CA,R,4.0,0.943980109062,0.944785262041
N00008274,Loretta,Sanchez,CA,D,1.0,0.664475369638,0.66286506368
N00008799,Kay,Granger,TX,R,4.0,0.894158981116,0.894964134095
N00009154,Robert,Goodlatte,VA,R,4.0,0.955723448251,0.957949055775
N00009573,Jeff,Flake,AZ,R,0.0,0.822194473098,0.776652731781
N00009585,Adam,Schiff,CA,D,1.0,0.960835712194,0.959840707803
N00009604,Susan,Davis,CA,D,1.0,0.965192001537,0.961356088054
N00009659,David,Vitter,LA,R,0.0,0.782371464249,0.709394284887
N00009660,Steve,Scalise,LA,R,4.0,0.957854130069,0.95704897709
N00009668,Mike,Rogers,AL,R,4.0,0.919639099327,0.917413491802
N00009699,Pat,Tiberi,OH,R,4.0,0.892313076416,0.893118229395
N00009724,Jim,Langevin,RI,D,1.0,0.94246472881,0.940049269873
N00009738,John,Culberson,TX,R,4.0,0.909699348558,0.910504501537
N00009759,Rick,Larsen,WA,D,1.0,0.954682696531,0.954067394964
N00009771,Shelley,Capito,WV,R,0.0,0.883960403207,0.894520151293
N00009774,Xavier,Becerra,CA,D,1.0,0.911633316864,0.912438469843
N00009795,Candice,Miller,MI,R,4.0,0.880418771044,0.879613618065
N00009829,Jim,McDermott,WA,D,1.0,0.91044846106,0.912863919997
N00009869,Orrin,Hatch,UT,R,0.0,0.922009881101,0.904075501746
N00009888,Lamar,Alexander,TN,R,0.0,0.837296632101,0.882956005574
N00009918,Patrick,Leahy,VT,D,0.0,0.939473731835,0.523327361239
N00009920,Richard,Shelby,AL,R,0.0,0.838653926199,0.718777711421
N00009922,Harry,Reid,NV,D,0.0,0.862659934488,0.49972854118
N00009926,Bill,Nelson,FL,D,0.0,0.874106448052,0.568633838247
N00009975,Lindsey,Graham,SC,R,0.0,0.651700237074,0.703024051251
N00012233,Robert,Latta,OH,R,4.0,0.962115493705,0.962920646684
N00012460,William,Clay,MO,D,1.0,0.934033496194,0.934838649173
N00012508,Thomas,Carper,DE,D,0.0,0.884313299672,0.590875364207
N00012539,Mark,Kirk,IL,R,0.0,0.743199956567,0.81086559169
N00012546,Luke,Messer,IN,R,4.0,0.94298510467,0.943790257649
N00012611,Michael,Honda,CA,D,2.0,0.941705323159,0.55817687747
N00012672,Steve,Pearce,NM,R,4.0,0.892548675157,0.893353828136
N00012739,Ander,Crenshaw,FL,R,4.0,0.928966979578,0.928161826599
N00012942,Betty,McCollum,MN,D,1.0,0.963159676475,0.962544374909
N00013323,Sam,Graves,MO,R,4.0,0.885878714683,0.883653107159
N00013345,Steve,Israel,NY,D,1.0,0.932992744474,0.932897818767
N00013770,Bill,Shuster,PA,R,4.0,0.941613828502,0.939388220978
N00013799,J.,Forbes,VA,R,4.0,0.882978334065,0.884398788611
N00013817,Chellie,Pingree,ME,D,0.0,0.955438671132,0.247622282609
N00013820,Chris,Van Hollen,MD,D,1.0,0.951173876446,0.952594330991
N00013846,Jeff,Miller,FL,R,4.0,0.929350113453,0.928544960474
N00013855,Stephen,Lynch,MA,D,2.0,0.924895467355,0.60425701764
N00013873,John,Boozman,AR,R,0.0,0.930506542158,0.833460014116
N00021207,Rick,Nolan,MN,D,2.0,0.88912835249,0.579713615415
N00024753,Mike,Coffman,CO,R,3.0,0.928070331943,0.921678286488
N00024790,Jeanne,Shaheen,NH,D,2.0,0.932334364877,0.949029082288
N00024809,Joe,Wilson,SC,R,4.0,0.964534383692,0.963729230713
N00024842,Joe,Courtney,CT,D,1.0,0.947105795272,0.946300642292
N00024852,John,Cornyn,TX,R,0.0,0.916996941564,0.846146189623
N00024866,Madeleine,Bordallo,GU,D,0.0,,
N00024870,Linda,Sanchez,CA,D,1.0,0.944736083663,0.9471515426
N00024871,David,Scott,GA,D,4.0,0.881941013395,0.295734747841
N00024922,Jeb,Hensarling,TX,R,4.0,0.961830716586,0.964056324111
N00024978,Henry,Cuellar,TX,D,4.0,0.740876839043,0.45717020751
N00024992,Tim,Murphy,PA,R,4.0,0.939813671132,0.937588063607
N00025095,John,Carter,TX,R,4.0,0.899919484702,0.902173913043
N00025175,Michael,Turner,OH,R,4.0,0.871572381423,0.869346773898
N00025219,Michael,Burgess,TX,R,4.0,0.910121367662,0.912346975187
N00025237,Steve,King,IA,R,0.0,0.914664077368,0.90576164727
N00025280,Tim,Ryan,OH,D,1.0,0.908655165788,0.907660161397
N00025284,Raul,Grijalva,AZ,D,1.0,0.854664168863,0.858500082345
N00025292,Rob,Bishop,UT,R,4.0,0.912867351047,0.913482652613
N00025337,Mario,Diaz-Balart,FL,R,4.0,0.895582866711,0.894777713732
N00025482,C.A. Dutch,Ruppersberger,MD,D,1.0,0.883937884278,0.881712276753
N00025495,Lou,Barletta,PA,R,4.0,0.878867936613,0.876642329088
N00025726,Tom,Cole,OK,R,4.0,0.930390865173,0.928165257649
N00025881,Colleen,Hanabusa,HI,D,2.0,1.0,0.744680851064
N00026041,K.,Conaway,TX,R,4.0,0.968936420363,0.969551721929
N00026043,Randy,Neugebauer,TX,R,4.0,0.95780838274,0.95861353572
N00026050,Lisa,Murkowski,AK,R,0.0,0.786208082234,0.823316502887
N00026106,Debbie,Wasserman Schultz,FL,D,2.0,0.894876070487,0.544211361806
N00026148,Louie,Gohmert,TX,R,0.0,0.862483530962,0.863193758235
N00026160,Tom,Price,GA,R,4.0,0.91173167362,0.913957281145
N00026163,Lynn,Westmoreland,GA,R,4.0,0.765432861221,0.766048162787
N00026166,Virginia,Foxx,NC,R,4.0,0.920489999634,0.920395073928
N00026171,Charlie,Dent,PA,R,4.0,0.890611275801,0.889806122822
N00026314,Cathy,McMorris Rodgers,WA,R,4.0,0.965480209706,0.963254602181
N00026335,Daniel,Webster,FL,R,4.0,0.905381944444,0.906187097424
N00026341,Jim,Costa,CA,D,1.0,0.735882058971,0.733640124382
N00026368,Tim,Walberg,MI,R,4.0,0.961739221929,0.959513614405
N00026457,Ted,Poe,TX,R,4.0,0.770640050871,0.77144520385
N00026460,Michael,McCaul,TX,R,4.0,0.950133124726,0.949327971746
N00026586,Joe,Donnelly,IN,D,0.0,0.781665671318,0.741779322077
N00026595,Charles,Boustany Jr.,LA,R,4.0,0.946726092446,0.94611079088
N00026627,Patrick,McHenry,NC,R,4.0,0.969836499048,0.969031346069
N00026631,Jeff,Fortenberry,NE,R,4.0,0.910311219075,0.910926520641
N00026686,Al,Green,TX,D,1.0,0.908416135998,0.910831594935
N00026710,Kenny,Marchant,TX,R,4.0,0.887721188333,0.888526341312
N00026790,Emanuel,Cleaver II,MO,D,1.0,0.873375969843,0.874181122822
N00026885,Dave,Reichert,WA,R,4.0,0.841690226541,0.841074924974
N00026914,Gwen,Moore,WI,D,1.0,0.882746166374,0.883551319353
N00026926,Jerry,McNerney,CA,D,1.0,0.947626171132,0.946821018153
N00026961,Yvette,Clarke,NY,D,1.0,0.932141844166,0.935977757649
N00027035,G.,Butterfield,NC,D,1.0,0.921056122822,0.920250969843
N00027060,Brian,Higgins,NY,D,1.0,0.954206492367,0.951791033429
N00027229,Michael,Fitzpatrick,PA,R,2.0,0.812236952862,0.719654653418
N00027239,Daniel,Lipinski,IL,D,1.0,0.842924260723,0.840698653199
N00027441,Bob,Corker,TN,R,2.0,0.875699006461,0.492887778924
N00027459,Doris,Matsui,CA,D,1.0,0.969077093398,0.969882246377
N00027462,Gus,Bilirakis,FL,R,4.0,0.957903308447,0.960128915971
N00027467,Tim,Walz,MN,D,1.0,0.916228635998,0.912392722515
N00027500,Amy,Klobuchar,MN,D,0.0,0.923014278734,0.598838156252
N00027503,Bob,Casey,PA,D,0.0,0.920299690537,0.586568217601
N00027509,Scott,Tipton,CO,R,4.0,0.939152622237,0.939957775216
N00027510,Ed,Perlmutter,CO,D,1.0,0.901503714683,0.902308867662
N00027514,Kathy,Castor,FL,D,1.0,0.933513120334,0.932707967355
N00027522,Dean,Heller,NV,R,0.0,0.787683008488,0.744502958901
N00027523,Albio,Sires,NJ,D,1.0,0.87999675194,0.879381450373
N00027533,Sheldon,Whitehouse,RI,D,2.0,0.947083627414,0.903840237436
N00027566,Christopher,Murphy,CT,D,0.0,0.954811155148,0.549106900483
N00027594,Patrick,Murphy,FL,D,2.0,0.886873719075,0.633000064046
N00027605,Jon,Tester,MT,D,0.0,0.894755415603,0.609162640028
N00027623,Adrian,Smith,NE,R,4.0,0.963490200922,0.965715808447
N00027626,Vern,Buchanan,FL,R,4.0,0.870102748499,0.86929759552
N00027649,Tim,Huelskamp,KS,R,0.0,0.885875283633,0.892126656053
N00027658,Kirsten,Gillibrand,NY,D,0.0,0.940713393778,0.500615306658
N00027694,Claire,McCaskill,MO,D,0.0,0.822782633874,0.618781330872
N00027741,Dave,Loebsack,IA,D,2.0,0.951746861733,0.608233604158
N00027751,John,Sarbanes,MD,D,2.0,0.958518610013,0.580861833919
N00027848,Hank,Johnson,GA,D,1.0,0.937018509369,0.937633810935
N00027860,Tammy,Duckworth,IL,D,1.0,0.827626354121,0.823790440638
N00027894,Jim,Jordan,OH,R,4.0,0.905244702459,0.906049855438
N00028073,John,Yarmuth,KY,D,1.0,0.902020659493,0.902825812473
N00028133,Doug,Lamborn,CO,R,4.0,0.940949348558,0.941754501537
N00028138,Brian,Schatz,HI,D,2.0,0.954811155148,0.89929782652
N00028139,Mazie,Hirono,HI,D,0.0,0.971035343938,0.540022078651
N00028152,Kevin,McCarthy,CA,R,4.0,0.953733439467,0.954348741034
N00028249,Donna,Edwards,MD,D,1.0,0.943551227858,0.945161533816
N00028257,Keith,Ellison,MN,D,1.0,0.919920445396,0.922335904333
N00028418,Alan,Grayson,FL,D,1.0,0.909741664837,0.910356966403
N00028463,Phil,Roe,TN,R,2.0,0.891047019104,0.598290422339
N00028692,Christopher,Smith,NJ,R,,0.88075958864,
N00028958,Jason,Chaffetz,UT,R,4.0,0.908841586151,0.911067193676
N00029016,Al,Franken,MN,D,2.0,0.922896646579,0.879888520911
N00029018,Tom,Rooney,FL,R,4.0,0.892074046626,0.892879199605
N00029026,Niki,Tsongas,MA,D,1.0,0.938867845118,0.939483146684
N00029070,Jim,Himes,CT,D,4.0,0.94090017018,0.282852300176
N00029077,Lynn,Jenkins,KS,R,4.0,0.934508124726,0.935313277705
N00029127,Jared,Polis,CO,D,2.0,0.912582573928,0.5597414361
N00029139,Bill,Foster,IL,D,1.0,0.955723448251,0.953497840726
N00029147,Andy,Harris,MD,R,4.0,0.922339335383,0.924564942907
N00029168,Pedro,Pierluisi,PR,D,2.0,,
N00029258,Duncan,Hunter,CA,R,4.0,0.940049269873,0.939244116894
N00029260,Ann,Kirkpatrick,AZ,D,2.0,0.794235379154,0.592123682477
N00029273,Aaron,Schock,IL,R,4.0,0.791666666667,0.791666666667
N00029277,Gary,Peters,MI,D,2.0,0.933456394665,0.928262482581
N00029285,Pete,Olson,TX,R,4.0,0.958993238545,0.958188085566
N00029303,Jeff,Merkley,OR,D,2.0,0.913458928281,0.840246484608
N00029391,Erik,Paulsen,MN,R,4.0,0.924705615942,0.925510768921
N00029400,Michelle,Lujan Grisham,NM,D,1.0,0.910265471746,0.910975699019
N00029404,Lee,Zeldin,NY,R,3.0,0.922339335383,0.937633810935
N00029441,Jim,Risch,ID,R,4.0,0.887027887869,0.0
N00029459,Robert,Wittman,VA,R,4.0,0.946395567999,0.948621175523
N00029513,Andr’©,Carson,IN,D,1.0,0.950512827551,0.952123133509
N00029562,Ben,Lujan,NM,D,1.0,0.952738435075,0.951933282096
N00029574,Steve,Stivers,OH,R,4.0,0.889285746962,0.888480593983
N00029580,Daniel,Donovan,NY,R,,0.86994469523,
N00029632,Gregg,Harper,MS,R,4.0,0.936543880837,0.935928579271
N00029649,Jackie,Speier,CA,D,1.0,0.883649676109,0.885875283633
N00029662,Bill,Posey,FL,R,4.0,0.92631935295,0.928544960474
N00029675,Brett,Guthrie,KY,R,4.0,0.967941415971,0.970167023496
N00029679,John,Fleming,LA,R,4.0,0.924139492754,0.924944645733
N00029736,Glenn,Thompson,PA,R,4.0,0.926888907188,0.924663299663
N00029788,Cynthia,Lummis,WY,R,4.0,0.905293880837,0.905909182404
N00029835,Martin,Heinrich,NM,D,0.0,0.950268744232,0.564209059486
N00029891,Gerald,Connolly,VA,D,1.0,0.944075034768,0.943269881789
N00030026,Blaine,Luetkemeyer,MO,R,4.0,0.950136555775,0.950941708754
N00030071,Kurt,Schrader,OR,D,1.0,0.80603475882,0.806839911799
N00030184,Cedric,Richmond,LA,D,1.0,0.897193172669,0.897998325648
N00030191,Dina,Titus,NV,D,1.0,0.906612547577,0.907227849144
N00030196,Paul,Tonko,NY,D,1.0,0.955011645346,0.957247413489
N00030197,Richard,Hanna,NY,R,0.0,0.75815103023,0.760376637754
N00030245,Bill,Cassidy,LA,R,2.0,0.916879309409,0.504506216407
N00030418,Gregorio &#39;Kilili&#39;,Sablan,MP,I,2.0,,
N00030490,Marcia,Fudge,OH,D,1.0,0.935552307495,0.936357460474
N00030581,Mike,Quigley,IL,D,1.0,0.944690336334,0.940854422852
N00030600,Judy,Chu,CA,D,1.0,0.939289864222,0.941705323159
N00030602,Roger,Williams,TX,R,4.0,0.907424562656,0.908039864222
N00030608,Michael,Bennet,CO,D,0.0,0.914752881988,0.640724252131
N00030612,Marco,Rubio,FL,R,0.0,0.637068606692,0.572823352697
N00030622,Terri,Sewell,AL,D,4.0,0.859357844752,0.276650106134
N00030645,Dennis,Ross,FL,R,4.0,0.949046625677,0.949661927243
N00030650,Frederica,Wilson,FL,D,1.0,0.887953356024,0.887338054458
N00030667,Adam,Kinzinger,IL,R,4.0,0.904203950739,0.905009103718
N00030670,Todd,Young,IN,R,4.0,0.92475479432,0.925559947299
N00030673,Bill,Huizenga,MI,R,4.0,0.916794759186,0.915989606207
N00030676,Billy,Long,MO,R,4.0,0.928499213146,0.929304366125
N00030693,Suzan,DelBene,WA,D,1.0,0.959889886181,0.957474427243
N00030709,Mark,DeSaulnier,CA,D,1.0,0.965761555775,0.966376857342
N00030717,Ami,Bera,CA,D,2.0,0.905293880837,0.644507804494
N00030736,John,Carney,DE,D,4.0,0.92475136327,0.265901771337
N00030744,Mike,Pompeo,KS,R,0.0,0.931333260138,0.928587276753
N00030752,Jeffrey,Duncan,SC,R,4.0,0.904629400893,0.903824247914
N00030768,Martha,Roby,AL,R,4.0,0.937060825648,0.934835218123
N00030770,Rick,Crawford,AR,R,4.0,0.929680637901,0.927455030376
N00030771,Paul,Gosar,AZ,R,0.0,0.877827184892,0.877401734739
N00030780,Cory,Gardner,CO,R,2.0,0.885670593771,0.541379372749
N00030788,Tom,Graves,GA,R,4.0,0.929065336334,0.931290943859
N00030801,Frank,Guinta,NH,R,3.0,0.931997740082,0.935548876446
N00030815,Chuck,Fleischmann,TN,R,4.0,0.961834147636,0.962449449202
N00030829,Ken,Buck,CO,R,0.0,0.866797504026,0.876600012809
N00030836,Rand,Paul,KY,R,2.0,0.709104728813,0.366758962665
N00030856,John,Garamendi,CA,D,1.0,0.91173167362,0.909506066096
N00030875,Ann,Kuster,NH,D,2.0,0.944595410628,0.616000356829
N00030880,Trey,Gowdy,SC,R,4.0,0.925817121469,0.926434443597
N00030891,Marlin,Stutzman,IN,R,4.0,0.877106664471,0.87791181745
N00030910,Mo,Brooks,AL,R,4.0,0.892502927829,0.890277320304
N00030949,Tom,Reed,NY,R,2.0,0.902829243522,0.703361742424
N00030957,Scott,DesJarlais,TN,R,2.0,0.888192385815,0.563760338896
N00030962,Scott,Rigell,VA,R,0.0,0.914667508418,0.916087962963
N00030967,Sean,Duffy,WI,R,4.0,0.897474518738,0.898089820304
N00030968,Reid,Ribble,WI,R,4.0,0.900318858879,0.899703557312
N00030980,Kelly,Ayotte,NH,R,0.0,0.79075049315,0.861483612936
N00031005,Vicky,Hartzler,MO,R,4.0,0.960839143244,0.95861353572
N00031006,Alan,Nunnelee,MS,R,4.0,0.0,0.0
N00031064,Ryan,Costello,PA,R,2.0,0.845575318401,0.753942276021
N00031103,Robert,Dold,IL,R,3.0,0.786999295491,0.825970300834
N00031104,Randy,Hultgren,IL,R,4.0,0.947295646684,0.948100799663
N00031127,Jim,Renacci,OH,R,4.0,0.923049562656,0.922244409676
N00031128,Bob,Gibbs,OH,R,4.0,0.958708461426,0.959513614405
N00031129,James,Lankford,OK,R,2.0,0.871219935936,0.454186799862
N00031134,Pat,Meehan,PA,R,4.0,0.875882923437,0.875077770458
N00031141,Stephen,Fincher,TN,R,4.0,0.687765334504,0.687765334504
N00031177,Mark,Amodei,NV,R,4.0,0.888670445396,0.887865292417
N00031226,Jackie,Walorski,IN,R,4.0,0.966380288391,0.964154680867
N00031227,Larry,Bucshon,IN,R,4.0,0.938772919412,0.937967766432
N00031233,Andy,Barr,KY,R,0.0,0.959608540111,0.959418688699
N00031244,Joe,Heck,NV,R,2.0,0.868400947885,0.660649749305
N00031253,Keith,Rothfus,PA,R,4.0,0.957618531328,0.958423684307
N00031265,Robert,Hurt,VA,R,4.0,0.92266985983,0.923285161397
N00031317,Ted,Deutch,FL,D,1.0,0.920447683355,0.921062984922
N00031377,Ra’_l,Labrador,ID,R,4.0,0.873847167325,0.874652320304
N00031401,Mike,Grimm,NY,R,3.0,,
N00031412,Mick,Mulvaney,SC,R,4.0,0.853391249451,0.85419640243
N00031417,Will,Hurd,TX,R,3.0,0.959749213146,0.963869903748
N00031502,Kevin,Yoder,KS,R,4.0,0.933470804055,0.93569641158
N00031513,Renee,Ellmers,NC,R,4.0,0.849882429366,0.849077276387
N00031539,Diane,Black,TN,R,4.0,0.921576498682,0.922381651662
N00031545,Bill,Flores,TX,R,4.0,0.943790257649,0.946015865173
N00031557,Denny,Heck,WA,D,1.0,0.960789964866,0.959984811887
N00031559,Jaime,Herrera Beutler,WA,R,4.0,0.693784539233,0.693784539233
N00031593,Jeffrey,Denham,CA,R,4.0,0.89975273569,0.898947582711
N00031596,Warren,Davidson,OH,R,,0.92899408284,
N00031647,Mike,Kelly,PA,R,4.0,0.944359811887,0.945164964866
N00031672,Blake,Farenthold,TX,R,4.0,0.931716394013,0.933942001537
N00031681,David,McKinley,WV,R,4.0,0.916281245425,0.916896546992
N00031685,Richard,Blumenthal,CT,D,0.0,0.966728197332,0.568869102557
N00031688,John,Hoeven,ND,R,0.0,0.907676855421,0.867618582261
N00031696,Mike,Lee,UT,R,2.0,0.650351991603,0.311661870894
N00031741,Todd,Rokita,IN,R,4.0,0.92266985983,0.923285161397
N00031777,Tom,Marino,PA,R,4.0,0.888899182038,0.886673574513
N00031782,Tim,Scott,SC,R,4.0,0.865555495231,0.0
N00031820,Christopher,Coons,DE,D,1.0,0.928144850426,0.920299690537
N00031857,Steve,Womack,AR,R,4.0,0.961739221929,0.962544374909
N00031877,Karen,Bass,CA,D,1.0,0.862525847241,0.862525847241
N00031933,Bill,Keating,MA,D,1.0,0.930011162348,0.929916236642
N00031934,Dan,Benishek,MI,R,3.0,0.925514199971,0.930721389621
N00031938,Justin,Amash,MI,R,2.0,0.756547586371,0.546240255819
N00031958,Steven,Palazzo,MS,R,4.0,0.901876555409,0.90107140243
N00031998,Chris,Gibson,NY,R,2.0,0.767918084834,0.752047192944
N00032019,David,Cicilline,RI,D,1.0,0.95716540339,0.957782725517
N00032022,Kristi,Noem,SD,R,4.0,0.932426621285,0.931621468306
N00032029,Morgan,Griffith,VA,R,4.0,0.892270760138,0.894496367662
N00032088,Bill,Johnson,OH,R,4.0,0.957903308447,0.955677700922
N00032243,Jody,Hice,GA,R,0.0,0.926460025984,0.930911241034
N00032416,Rob,Woodall,GA,R,4.0,0.928450034768,0.929065336334
N00032441,Richard,Nugent,FL,R,4.0,0.801524072244,0.802139373811
N00032457,Austin,Scott,GA,R,4.0,0.95548784951,0.956293002489
N00032546,Ron,Johnson,WI,R,0.0,0.901894782561,0.836708471325
N00032838,Joe,Manchin III,WV,D,0.0,0.70231825832,0.724496443889
N00033030,Jared,Huffman,CA,D,1.0,0.942700327551,0.945115786488
N00033054,Steve,Daines,MT,R,0.0,0.903722605281,0.793935609968
N00033085,Ted,Cruz,TX,R,2.0,0.499918562354,0.235146678249
N00033106,Ann,Wagner,MO,R,4.0,0.903873426292,0.905388806544
N00033177,Tim,Kaine,VA,D,2.0,0.882367844798,0.901424253941
N00033217,Elizabeth,Esty,CT,D,1.0,0.958043981481,0.955628522544
N00033220,Ted,Yoho,FL,R,4.0,0.902973347606,0.902168194627
N00033274,Alan,Lowenthal,CA,D,1.0,0.965336105621,0.964530952642
N00033281,Tulsi,Gabbard,HI,D,1.0,0.938059261089,0.940284868614
N00033310,Brad,Wenstrup,OH,R,4.0,0.945115786488,0.947341394013
N00033316,Joaqu’_n,Castro,TX,D,4.0,0.90655993815,0.24681369858
N00033363,Tom,Cotton,AR,R,2.0,0.879065095825,0.407523028757
N00033367,David,Valadao,CA,R,2.0,0.918883124726,0.703790623628
N00033373,Tony,Cardenas,CA,D,1.0,0.883076690821,0.882271537842
N00033390,Cheri,Bustos,IL,D,0.0,0.925370095886,0.312400499561
N00033395,Dan,Kildee,MI,D,1.0,0.952126564559,0.95312156895
N00033399,George,Holding,NC,R,4.0,0.946065043551,0.946870196531
N00033410,Markwayne,Mullin,OK,R,4.0,0.966046332894,0.965431031328
N00033443,Deb,Fischer,NE,R,0.0,0.948676185823,0.823904663663
N00033474,Suzanne,Bonamici,OR,D,1.0,0.945112355438,0.947337962963
N00033492,Elizabeth,Warren,MA,D,2.0,0.924136308522,0.841839043017
N00033495,Susan,Brooks,IN,R,4.0,0.94246472881,0.943269881789
N00033508,Eric,Swalwell,CA,D,1.0,0.924086883326,0.923091878934
N00033510,Raul,Ruiz,CA,D,0.0,0.898856088054,0.297534905212
N00033518,Doug,Collins,GA,R,4.0,0.931906245425,0.932711398404
N00033527,David,Rouzer,NC,R,0.0,0.95728800688,0.953026643244
N00033532,Jim,Bridenstine,OK,R,0.0,0.930767136949,0.937018509369
N00033539,Randy,Weber,TX,R,0.0,0.930201013761,0.934462377397
N00033540,Beto,O'Rourke,TX,D,1.0,0.918594916557,0.917789763578
N00033549,Mark,Pocan,WI,D,1.0,0.953068959523,0.954063963915
N00033591,Scott,Peters,CA,D,2.0,0.874416721563,0.662266917362
N00033630,Richard,Hudson,NC,R,4.0,0.886968644781,0.889194252306
N00033631,Mark,Meadows,NC,R,4.0,0.940428972698,0.941234125677
N00033640,Hakeem,Jeffries,NY,D,1.0,0.945161533816,0.94454623225
N00033720,Rick,Allen,GA,R,3.0,0.96173579088,0.930056909676
N00033744,Rod,Blum,IA,R,3.0,0.913436905285,0.901693566096
N00033782,Heidi,Heitkamp,ND,D,0.0,0.781783303473,0.724614076045
N00033814,Alex,Mooney,WV,R,3.0,0.923903894013,0.901978343215
N00033832,Tom,Rice,SC,R,4.0,0.926790550432,0.926175248865
N00033839,Marc,Veasey,TX,D,1.0,0.920630672669,0.920015371102
N00033842,Mia,Love,UT,R,0.0,0.93725410811,0.947056616894
N00033897,John,Delaney,MD,D,1.0,0.868633115576,0.867022809618
N00033904,Joyce,Beatty,OH,D,1.0,0.959415257649,0.95861010467
N00033932,Chris,Stewart,UT,R,4.0,0.939767923803,0.941993531328
N00033982,Martha,McSally,AZ,R,3.0,0.926744803103,0.939388220978
N00033983,Kyrsten,Sinema,AZ,D,2.0,0.743432971014,0.720322564412
N00033987,Doug,LaMalfa,CA,R,4.0,0.942179951691,0.942795253257
N00033997,Pete,Aguilar,CA,D,0.0,0.879817193676,0.301655595813
N00034041,Thomas,Massie,KY,R,0.0,0.794193062875,0.804895650344
N00034044,Joseph,Kennedy III,MA,D,1.0,0.924322482067,0.926548089592
N00034068,Brenda,Lawrence,MI,D,2.0,0.958043981481,0.583892594422
N00034120,Scott,Perry,PA,R,4.0,0.910785847606,0.911591000586
N00034128,Matt,Cartwright,PA,D,1.0,0.944975113453,0.945780266432
N00034224,Paul,Cook,CA,R,1.0,0.949092373005,0.273570167252
N00034254,Julia,Brownley,CA,D,2.0,0.921818959523,0.640482039599
N00034277,Sean,Maloney,NY,D,1.0,0.885167216106,0.881321142004
N00034349,Filemon,Vela,TX,D,1.0,0.866787210877,0.864561603352
N00034416,Robert,Pittenger,NC,R,4.0,0.936593059215,0.937208360782
N00034453,Derek,Kilmer,WA,D,1.0,0.947010869565,0.944595410628
N00034547,Grace,Meng,NY,D,1.0,0.928628199014,0.927823046035
N00034580,Angus,King,ME,I,2.0,0.87729156487,0.901360913549
N00034584,Bruce,Poliquin,ME,R,2.0,0.906756651662,0.694511921754
N00034639,Donald,Payne Jr.,NJ,D,1.0,0.786197573562,0.787002726541
N00034746,Ron,DeSantis,FL,R,4.0,0.923429265481,0.92423441846
N00034784,Rodney,Davis,IL,R,3.0,0.890519781145,0.918788199019
N00035000,Stacey,Plaskett,VI,D,2.0,,
N00035007,Dave,Joyce,OH,R,0.0,0.887155065144,0.887865292417
N00035187,Mike,Rounds,SD,R,2.0,0.906319561323,0.518549686013
N00035215,Robin,Kelly,IL,D,2.0,0.89326233348,0.551644158981
N00035267,Cory,Booker,NJ,D,2.0,0.93935609968,0.858533760429
N00035278,Katherine,Clark,MA,D,2.0,0.95652860123,0.569308346143
N00035282,Jason,Smith,MO,R,4.0,0.953026643244,0.955252250769
N00035307,Brendan,Boyle,PA,D,1.0,0.907329636949,0.908039864222
N00035311,Mark,Walker,NC,R,2.0,0.933038491802,0.616468123262
N00035346,Buddy,Carter,GA,R,2.0,0.944215707803,0.634698433611
N00035347,Barry,Loudermilk,GA,R,0.0,0.927075327551,0.933467373005
N00035380,Bradley,Byrne,AL,R,0.0,0.940049269873,0.937018509369
N00035391,Mimi,Walters,CA,R,4.0,0.915845502123,0.916650655102
N00035403,Carlos,Curbelo,FL,R,3.0,0.800869885449,0.837900060386
N00035420,Mike,Bost,IL,R,3.0,0.883315720612,0.901451105255
N00035431,Seth,Moulton,MA,D,3.0,0.944641157956,0.310839371981
N00035440,Tom,Emmer,MN,R,0.0,0.926600699019,0.934272525984
N00035451,Alma,Adams,NC,D,2.0,0.908324641341,0.551693337359
N00035483,Joni,Ernst,IA,R,2.0,0.936523879328,0.482680927303
N00035492,Thom,Tillis,NC,R,2.0,0.918354235662,0.515952729971
N00035509,David,Young,IA,R,3.0,0.9505162586,0.95624725516
N00035516,David,Perdue,GA,R,2.0,0.864967334455,0.420326836419
N00035523,Elise,Stefanik,NY,R,2.0,0.889521345703,0.735423757503
N00035527,Bruce,Westerman,AR,R,3.0,0.976843846069,0.951226485873
N00035531,Evan,Jenkins,WV,R,3.0,0.920827386181,0.943413985873
N00035535,Mark,Takai,HI,D,3.0,0.579578211359,0.175686701925
N00035544,Ben,Sasse,NE,R,2.0,0.813643520278,0.363456213692
N00035607,Dave,Trott,MI,R,2.0,0.94923647709,0.664580588494
N00035616,Ryan,Zinke,MT,R,2.0,0.918879693676,0.64956745901
N00035628,Cresent,Hardy,NV,R,3.0,0.929912805592,0.937489706851
N00035682,John,Lewis,GA,D,1.0,0.887344916557,0.89118083004
N00035688,Gwen,Graham,FL,D,2.0,0.872904772361,0.679358119236
N00035691,Gary,Palmer,AL,R,0.0,0.941184947299,0.938154186795
N00035717,David,Jolly,FL,R,3.0,0.829373902064,0.858401725589
N00035774,Dan,Sullivan,AK,R,2.0,0.890095372532,0.467578768301
N00035792,French,Hill,AR,R,3.0,0.955533596838,0.947910948251
N00035820,Steve,Knight,CA,R,2.0,0.950231481481,0.651747319207
N00035825,Ted,Lieu,CA,D,1.0,0.859867927463,0.860673080442
N00035854,Curt,Clawson,FL,R,2.0,0.838237446933,0.572050898478
N00035927,Kathleen,Rice,NY,D,1.0,0.888146638486,0.887341485507
N00035934,John,Katko,NY,R,3.0,0.84898578173,0.87763390243
N00035972,John,Ratcliffe,TX,R,2.0,0.939388220978,0.62248389694
N00036013,David,Brat,VA,R,2.0,0.89534383692,0.581234674645
N00036018,Donald,Beyer,VA,D,1.0,0.923661433172,0.921435825648
N00036023,Barbara,Comstock,VA,R,3.0,0.927170253257,0.948336398404
N00036097,Ruben,Gallego,AZ,D,2.0,0.970687399356,0.579205780632
N00036107,Norma,Torres,CA,D,1.0,0.946961691187,0.946156538208
N00036135,Garret,Graves,LA,R,0.0,0.947056616894,0.947056616894
N00036149,Debbie,Dingell,MI,D,1.0,0.95132141158,0.949095804055
N00036154,Donald,Norcross,NJ,D,2.0,0.923380087103,0.615522297248
N00036155,Tom,MacArthur,NJ,R,3.0,0.878013605255,0.907041428781
N00036158,Bonnie,Watson Coleman,NJ,D,1.0,0.94611079088,0.948336398404
N00036175,Steve,Russell,OK,R,2.0,0.939100012809,0.640003980018
N00036275,John,Moolenaar,MI,R,0.0,0.955772626629,0.946680345118
N00036403,Dan,Newhouse,WA,R,0.0,0.94142397709,0.94246472881
N00036409,Glenn,Grothman,WI,R,0.0,0.929582281145,0.941325620334
N00036445,James,Comer,KY,R,,0.978723404255,
N00036449,Mike,Bishop,MI,R,4.0,0.953736870517,0.951511262992
N00036633,Ralph,Abraham,LA,R,2.0,0.970641652028,0.646350278144
N00037003,Trent,Kelly,MS,R,,0.931671790367,
N00037031,Darin,LaHood,IL,R,,0.965459711384,
